[
  {
    "id": "/subscriptions/6f0428ee-7027-44e7-9e8d-b53243d71949/resourceGroups/24Benzine/providers/Microsoft.Resources/deployments/Microsoft.Databricks/operations/0A91A03F563ACB3B",
    "operationId": "0A91A03F563ACB3B",
    "properties": {
      "provisioningOperation": "Create",
      "provisioningState": "Running",
      "timestamp": "2020-04-06T18:55:34.0171732Z",
      "duration": "PT1M3.9290792S",
      "trackingId": "0a9549bc-e261-453a-8a7b-6b40d5aa91e7",
      "statusCode": "Created",
      "targetResource": {
        "id": "/subscriptions/6f0428ee-7027-44e7-9e8d-b53243d71949/resourceGroups/24Benzine/providers/Microsoft.Databricks/workspaces/HelloWorld",
        "resourceType": "Microsoft.Databricks/workspaces",
        "resourceName": "HelloWorld"
      }
    }
  }
]